x1,x2,x3,y
9.770165614921329,4.799999358628573,2.4241603647357857,269.2928051943974
3.9721609196172802,8.705907777115247,3.6041443357483613,155.66529165628313
3.356252287818707,4.2020258979630265,2.7897834411407363,68.01036123949308
3.9842662791211545,3.3579001306890843,1.9577883478428793,61.89190872465153
8.847931251581993,3.037460580026222,8.11783327306919,248.30197967035454
2.9096620679401597,8.20962288865814,5.552238349610834,171.0126057755825
7.676510004023873,5.015166880579836,0.15373307927590063,157.5158484780038
4.277569861702645,8.182830230459817,4.974707735711883,187.74469462748243
0.9681128226332136,4.736079544630439,2.441813736491023,37.71160274194854
1.9122404589828967,8.93125184496074,2.547982460406535,89.11406496413568
4.705842636483579,2.9645793334487616,7.32527362243098,115.0645444215924
6.170386532445403,3.131469673870239,4.674541496583925,133.7097315327951
8.650264327977066,6.574262529492657,2.6082685382132853,254.35731234404892
2.7325509468165055,0.583899329879044,9.691940872098005,22.814616489840088
8.99324510755389,5.5955221504244275,6.6738064973651925,316.4353070861928
6.896976324342417,2.4100652917890297,2.1652538920348663,124.24868396194618
2.6358390970555767,2.842305305824293,4.025156196498215,50.684167187730694
8.61307959060902,4.423800128171289,3.203453067995995,224.78367787559512
6.918046901701096,9.379347476274226,4.456224176241309,280.5387123836712
0.990214658432994,7.44483293156033,8.837594722879798,196.87868680112499
8.812400497514401,6.7445978852618635,8.752525117341523,382.0971648908278
5.1878564322468845,5.192272623930267,0.791028032969826,91.29514522132888
8.559516294356882,4.670755277829526,0.20831288686435356,188.2206669546776
9.72886545930157,0.6204431215185713,0.7886494739409933,195.01714085503238
6.8962777983171115,4.834752051891233,3.5167603775861966,174.9503211559964
0.34758583622360617,6.376937755332488,4.932634990663187,90.89084899435905
2.9422437683494396,5.043726871273076,4.4157274296690865,93.55291259109164
9.53068130652764,3.544934969134376,5.520730773788171,267.6445817281217
9.31039639998539,0.4764832813522679,9.45166866799203,180.86222811262294
0.9173687059036817,6.0088009471588,9.0393326431116,160.10273563379639
6.312757232229117,7.267318607771529,9.480337074630183,321.7881788628335
8.371319263638975,6.713448680424282,7.823699673969219,345.10671377419783
1.7628165792278128,9.217520603596073,3.6139552518676066,117.7850084552181
8.60376750140563,0.3711603575803579,2.698348173271894,150.54921930417916
5.268641499152155,7.9414055321318155,1.5608770010398598,131.98337999342863
9.01220474325236,4.78590295930934,9.796055875733757,335.42406855920154
8.210972108879611,7.007868709121513,0.3503840422180471,198.3974925135727
5.829309746706411,4.52369041308496,0.8697432733939936,104.26530151186985
2.7334205932792854,5.4503749364616265,2.0244761640097266,59.91932963928209
2.45431852706362,2.9885054450428816,8.142298059650251,83.23971134620507
7.491636272646948,9.95356140994837,4.43830656085645,313.91025395219486
7.526762224273061,5.580395195741263,4.482871122078482,224.87231321355168
8.690071504000615,5.634360333166625,1.1077939328768893,216.6150163091054
1.1787638023592117,6.39788760359558,0.28695609987264836,14.541349044767292
4.524579746052137,5.154724637987394,1.1266013689671384,79.5619645827327
1.4524523015754431,5.880611057701128,8.060384907138213,145.90012337772617
1.4071436912475654,0.36308950701644416,8.864027645405173,4.262304483237742
6.530978328073214,3.968237648600328,1.217505112726014,123.5003736914992
5.826662568681556,8.65107407837322,7.560997191197202,305.9781261209573
6.45896412161279,9.682913899983062,3.726758172112903,249.5089058689885
6.968030657230447,9.063272266350806,3.2048633211179087,243.19484473304635
2.004956112268441,8.861099797854207,1.5191831793798616,63.67153233711296
4.0515230014524395,8.498250773606276,2.934180851950101,138.1325689769801
4.329718436368966,0.40477446328490263,6.586911987277448,39.65721223851055
5.19306535806293,1.667118384331342,6.404430612048785,87.21971178720156
5.159302002045498,5.625707431484772,6.144418744866599,178.81720575138746
4.804326331032001,3.6674721455524084,6.8859696005126105,131.65917150178797
4.636326867101013,6.062260270776911,6.635843826344007,184.14646715419997
1.295104415823981,6.586847645722659,0.5316695056159793,20.85965495660021
6.651041137595018,4.565442244614967,1.0360425730559852,130.99157562590293
9.937010062659157,8.39449760333069,9.990147322588127,521.5012010726155
5.546708908020638,0.6482017961093478,7.445590706497688,71.16049119794862
8.324544155605551,6.172576525287869,2.4994619711880994,232.76485553229432
6.242711162200296,3.6069078673499524,2.414416299096167,123.17108444756154
4.868099123794927,2.7975477916508975,6.994802727574411,111.72560015460004
5.703376611540771,9.189735611108706,4.366072002886615,232.4726027906702
6.947125726537477,3.963225524949735,4.617715472640525,173.3435657368183
5.874172050919584,3.139757810320518,4.188789431604697,121.72183571305283
8.71805787940799,5.467654714614408,9.536397012981308,345.5651778964466
0.6597048645198844,0.6639611381398269,2.0094047367028955,2.3015346404169468
1.7564083186919133,9.451714931937515,8.21358711496062,246.45487591906786
5.12847437154607,1.1791918166489435,9.998866174060122,83.02283110062943
1.7508760663477363,1.1470619572907537,9.893866355093438,31.292264091303423
2.5564001102963605,1.100866024304109,3.213087537639472,22.283066246066294
0.30387946796729626,5.1387267755003965,1.1630799523255075,17.513409347535458
3.712162710595689,7.313077218750619,8.418924038789893,229.9934372756362
2.501679147315514,6.640083343155563,9.74869823919926,212.5759632957076
5.6433879218654734,3.0610798480793444,7.553215792706432,141.7802896768695
1.4387727897388403,5.1260956956678525,9.4816945215451,146.84594718755432
4.11378722138902,6.710441239241868,3.4434636944750387,126.32983667483964
0.40582795146305917,0.5165124918548158,9.827652396754024,4.939671147689024
4.367218370706323,5.784342348534512,5.213828391519531,147.66855545949852
4.178758104225825,5.457324374399377,4.835736571924315,131.06368965866338
3.7911700981466723,5.888886947500945,3.662507219244673,111.11347918926384
2.248625120743204,5.183642721595828,9.531918837759806,159.46696538884038
0.093618982815169,3.3815556995038696,3.290539673921872,29.42499672526754
9.508745009440446,2.1105565916229962,2.986593371767441,215.8247373769305
6.427319493013146,1.9471148164021757,9.48658910444647,140.06344624784498
9.14429829241071,4.574443377574822,1.1992574512710386,223.3250057541089
7.766119065214032,1.6254514610371162,0.377337921049139,133.71135575547507
1.4632182313749376,1.3862855296958387,2.5487394711531817,13.361555918517874
3.038180044609078,6.964533949427563,0.28313145443180976,44.253088457266514
9.961087991772255,3.584439629395051,4.798252718885246,279.9503553826477
5.636387880488854,2.593213736306448,3.649440717820055,101.89599383351919
2.5648517149569017,9.728949996717354,1.3629852678300391,75.52850400635771
0.09797385701730166,1.8363662356797184,9.585110968406559,42.419325110792414
6.231702819987434,0.01964797081631109,0.2014276504499246,76.60112567176469
1.3407396843632957,1.6117366665272759,2.7085920465992395,15.14410441391492
1.3120948026109658,2.774183890082953,4.647120583316578,40.111958394954996
6.051739415293832,5.170334756762597,3.913119788734718,160.31991650348286
1.0372356474937339,3.6943683823713602,3.4732927426676072,40.005222089058556
1.7288957624067613,5.554290916612943,0.41320499765875374,21.05292844136911
6.6088255315523305,7.049631422396874,0.1114499878927333,135.18852796749627
2.4334329087596096,5.8625508746727615,8.604007924290938,167.82961029301333
1.9364641139851335,1.7001532252974016,5.872748370172136,33.87304011712148
4.827863573822717,2.785601714766849,7.498761505947664,114.23196564762819
0.6322041118311805,8.939300133786475,8.180763912014704,216.66097426693648
8.44419608794691,8.092298226709149,5.036118048862049,327.16703759192376
2.1370442041619953,0.5679255669473859,2.4166843837385166,11.048404064889336
1.8258193652753019,7.265239644930535,2.7280659528981746,75.66434073835352
2.474926594748137,1.0218485902531949,5.70486810653546,25.563189740802297
6.357379895224856,1.075628084811736,4.147504576592099,95.90674726235065
7.430146103520863,3.728716691421451,6.299716923957783,201.28891404804781
6.954773465555223,5.5147544532433805,3.837865193518902,193.7484031620511
6.109342969352074,3.185014836579423,7.918516720016399,160.84975402432877
1.3168796008510997,6.1399506155519425,1.8486431420269778,42.75700913357529
3.13554321682897,3.8792602610577367,6.3990200558747015,98.89822330860196
2.647598625430956,9.62733198773333,2.538607643439257,109.29031596658
1.8872237939661285,6.64895709811147,4.44614717858302,102.91187568592032
4.747704828128354,8.272705277306443,2.5813486655797844,144.84062657616695
6.091627863306388,2.5688895830105665,8.527685556695543,146.05694163630523
0.3944171865374857,7.0134981455246015,7.4559324606702715,151.4979470379486
3.737540663405199,0.23757822201509238,4.398193496566069,26.56293016314712
6.731488227245409,8.265126411634652,2.868569986129814,213.52117932552292
0.6488032858666748,7.819139491012868,7.580608117624637,175.15586357953174
3.507427968477368,4.4013079735461025,7.187363379235363,126.7554084625828
8.29146726730679,4.8767613878919525,2.452111000745456,210.35533604884782
2.3888327163165046,2.6833774678603683,8.866377870504865,79.33232130578035
5.453664191062212,6.448261058778442,5.372298147418596,192.2052013216515
6.948747128670213,4.327035684348315,4.269756883304518,176.79406441302092
7.455064478041185,7.1496338702069835,7.68168195559061,320.5389127542379
4.741422506892601,9.870052483970607,3.693022380309606,196.4182155435369
0.05360841319109966,6.409891237087491,2.9478819134226306,53.088297242904176
9.028426026273673,1.4823135034829127,9.292675717499671,207.43921121884657
4.098173399352514,3.836452357736425,9.966851581143127,153.05769958459328
3.4062042584377608,8.20519306990539,0.4354534898305995,60.43650485765667
2.7483246271769,1.5355332778605024,1.9900129469974648,25.503900799553886
3.800083290560626,3.241666930957201,1.5248047387713037,53.50379292304356
8.985411700500084,8.47283675711127,5.821507759738205,378.7597204145593
6.83410905110816,4.56656922042043,1.9366207071783215,148.21304191857394
2.84060950715469,9.854605222526517,9.284256982801056,308.32501509580794
1.5968702316119865,3.010947849679273,1.3486552443859434,19.741618643047637
4.877507262433474,7.215256949602308,3.4964666405271503,153.95987140301273
8.824474372171226,1.8249192820015736,2.786243107746272,183.31441253278172
1.7685866658584626,7.621883196340496,1.9302065827345094,60.940979351578584
8.146546533329998,8.441696988563155,1.9691770882896686,248.40352997722118
3.384746120228926,0.6988950266662974,2.1013883337198824,26.583156059639908
8.08198441031315,5.745343957877449,5.332990609969068,262.6573298417818
2.9053999783101334,5.349440799253086,9.006243910423368,166.9538252069572
3.965125126831268,8.106404371889193,3.9544238183699933,154.80139397633184
4.562293427361615,4.674975159573932,6.459820861934191,146.09633641088217
8.689367058434359,4.792259482214369,4.886837394588186,257.0220425648084
2.3892179956878423,3.660768551367022,1.8974763279622553,38.10428803995202
9.779639144501811,3.6036484398487967,8.562190330312017,309.5282460849524
7.9637323721130295,5.544394400750004,0.5149702612339468,178.0467641998779
5.025719883288636,0.38037667754455495,5.298595071110284,52.17517821733878
2.6096062858936397,1.9650709621560791,9.78825272935374,65.66373236656109
2.3321944787387547,9.66424129020936,0.4729744736256558,45.65699618960308
8.220211681714598,8.81074721252891,6.151596783496553,363.0188632003444
3.735167488997959,1.7025932765941454,0.4082024657425265,34.93922925070021
8.508364319840494,5.060647978461268,3.3414603581310676,234.23076695480466
3.1502548076288326,6.506880701254697,0.7409584360587174,53.069568925780295
2.5744876655805395,6.283449903348522,2.2240524581860663,68.13275190602445
6.500438945664109,9.235200866471022,5.468352079158356,289.5799098557298
8.686402642572236,6.512800843238523,5.081045095368092,300.6744514425964
1.2522234742527227,7.192165372127314,2.2669286923718603,57.78777500332889
8.142074863308812,3.9789049933282614,3.7643420903445914,205.1528450183813
4.241140970840288,2.6993244384726713,3.4614724199126745,70.99220780727266
7.776699648717525,6.874697935043047,6.617908909898016,303.2870411108536
7.374151967944654,6.368873526826472,4.51259018414798,236.42903404368528
0.5249036805051477,5.670164362619321,5.289000234460267,87.20683958612896
1.5689804808477192,7.138896034111769,2.5867786601270613,67.93764112447587
2.155937360877367,9.484752526803181,0.054487484021281674,30.240577560493435
5.762715438536733,3.3712473658251585,7.9787505470801,157.56159243944555
9.851055584712356,1.3223756441751122,6.773212606888058,226.21036978644153
8.839379847384897,2.2633777226093486,5.127679422771746,204.96607430074158
4.697359122164229,7.475885640771407,1.6862562615655852,114.37980571202463
0.6702617275624179,1.7651711769485234,8.477898516753111,37.498556041223395
8.739088808977936,8.404701370616978,4.445721415178551,332.8419393125859
2.7664609582762534,5.468481226781528,2.7317691136931908,71.51906751099656
7.084612833774642,6.326381493605736,2.3904658317901504,187.1819720961343
7.621862916982942,3.3718100995438585,8.872760521730417,221.76409310366492
5.0740700460225,3.2772159914534074,8.101335581018335,138.6693411341782
7.220178173175613,6.0108430709337854,5.9249171515243475,247.5776281147093
7.0176585982932025,5.1018020981824375,2.881354555048766,174.5167173541145
8.6816260558443,2.23404902661835,8.588382322230988,218.10865936594092
9.539654244136086,4.02696426730706,6.765474093999078,294.39334614870603
1.5525788828555565,1.306241589499737,4.9906948731309,20.415510220972173
7.628792347997875,7.817581323716048,7.588967703752152,345.42879881761706
0.434710094039672,6.494570557434468,9.79005230100172,183.15770509797588
5.298770982302443,7.607753074482451,8.327498336081304,277.19884394849936
3.7291834152234884,3.772007621935529,2.088096724900735,62.420979714666245
4.454118405985379,6.394688721423016,9.684755033104377,243.26926859042047
4.479370877003207,8.505401057343823,2.3061215704492577,133.76571766152546
4.758664485132266,0.8997816221666888,1.882983792935875,51.771373056126
7.1946190380572865,2.0022172145815578,2.842129084949123,131.15982655080228
1.919624799153672,5.705164368802099,1.5111091936044097,41.67396353721101
8.8438732003443,5.918576122315631,1.5853614967085983,234.3352097221468
9.229205385681164,3.592614682068435,1.0913595133583176,213.18458599455576
6.404664917235917,2.039957119171537,1.7008749621121433,102.81296819920041
1.4129337450267898,5.117334746352952,3.2658790072295893,57.09512783940346
8.161219367883927,7.018717706652899,4.1102927554817175,271.9289588984912
4.998614864650902,3.372297318528892,9.756528637186882,154.77833408145892
8.37870456953911,1.5276862672708658,8.725863247959694,183.47069354965072
8.551272325471173,0.04919454825280223,5.861868809186817,140.67243990254514
1.4807368608288163,6.571822654129117,4.6938461362752815,100.96383033266888
7.276064931713516,9.50803144890036,5.01802144448969,312.179791647899
2.015108269882724,6.501795117150504,2.4065981117474164,64.75816923231409
2.9633321547449523,1.003199617332916,3.7271588718024296,27.0255827923523
2.123828177717191,3.079791035409224,3.925268897097455,46.90399422487069
3.1306829256894906,4.297403987035043,0.5689290948984449,38.82198583677997
4.597002648447688,6.579810335851541,4.4841451208466125,155.54260035983094
0.6384931527945592,7.24065802519545,0.370851040456589,12.123223229391005
2.3697651339094006,6.939780795077417,1.2864709773439686,52.17423291357828
6.297638025315996,0.7639460995518366,8.048226469128933,93.52855259071515
4.986223161324899,4.664970045209966,5.609502586678296,144.88040653484646
4.9863554582547085,8.19097161784885,3.18145022890954,164.56663290408383
8.663994481648166,7.871771953227851,5.941038081794393,351.6890422738074
4.474560608523456,6.827363258880304,8.079369980118202,226.99584726832603
7.101927098717706,5.094882701619991,5.497937689049875,214.5943277449494
2.6567794580314583,7.133721834009111,9.628886869711565,228.51019443442527
5.924845579150528,3.1057555989154184,0.7288560931070265,93.67080318652039
5.282336388477758,4.709840948485469,5.26842514598361,148.8570279819687
8.884118057560071,6.034980798569503,3.6284381598306847,272.534814921224
0.4077314722090253,4.532247137673694,0.6223759400850393,9.020338483655456
9.330777040324325,2.0378015131159377,5.0411848376849395,217.91868935651704
0.4338384702102349,8.726987135274832,7.021541288487842,179.9716945795963
0.6470169390390301,4.543871363369453,5.587044687573112,73.35061597733485
6.887071913945853,5.554688462759806,9.841540001429948,286.27758410208196
3.463454701644614,9.852728760608427,6.194288975673326,234.01317514138228
2.00757960907426,8.341949373231454,8.343930767231534,224.27789256992045
2.8783413191105756,7.852517584590171,9.287826094999378,247.68255042716152
6.4543849753974545,0.01294270298279443,7.181759577404066,75.49880257485447
8.957050485907295,5.90221786253331,2.398346510212608,252.3923145168702
1.1435936669482327,0.878386264439831,3.8699304671206516,8.948080752163266
7.7386003353734445,9.820514193175837,7.061095994366086,395.73858903191564
7.578506636068588,9.10337133951675,2.7741689048206197,255.8461859655427
1.0156479998541978,4.141654161542152,5.8850762289279634,72.50631961914269
3.7412492212101367,7.812353343936078,4.663737387151771,160.86240806234295
5.760386600529289,3.9195247121840184,5.8284190427201,150.64756357761894
1.0071291920634429,5.100075160719813,7.781504236846662,117.44231817237758
5.123034421524659,4.342396239915045,3.0317359992406665,110.20046978854963
8.342426993673161,9.78843873395735,9.213669762528077,481.2001680033512
1.4084254705187171,6.596181146085693,0.3975424280933748,19.72679732509674
5.2343129950682385,1.085808016800498,2.4729658169671866,65.06205658421109
2.1096362647497227,8.486759817906876,9.81743425746213,265.9422920772254
6.296370058708347,2.7270570672357075,8.119133615817995,153.76400080365426
6.635453154898395,2.300310836529836,0.6193874504077612,105.97704548134391
1.1531943878598838,6.791239791644241,5.029189213681862,106.92543471602889
6.946884984334073,1.8780590032873457,4.5516755707438605,129.65835214705456
2.687250111211734,7.7705247597054585,9.273661116466286,241.23394868449785
5.328499958874858,0.9685102192972006,4.026263987658125,68.61869975240118
1.6053954515884428,4.282248333480912,8.86868200887021,116.09430535820377
7.951597869948804,0.4955534935716155,1.736715615234783,130.2414503308536
5.398896092088739,6.870872458130012,2.064491356133231,134.88136353035705
3.572650639180007,3.831555126472054,1.5726164254221497,54.72055620588948
3.539018637410126,6.608167147402045,5.472485060972324,150.45253544837462
7.41768652790359,0.3306017346959311,9.532491786687158,111.4183300613137
0.9658810407012453,3.2764112247971564,9.792436033238483,90.49018183213819
3.7943945867128273,8.255567570636131,4.813765087284767,173.52706521407572
9.2409936832346,2.570866505482956,7.056430086755528,240.91627883298133
1.8041378414674059,1.3751321307881303,3.7096785951606437,19.58497071434839
9.09659773357032,5.568560884436979,4.59670408265393,287.3455145467525
6.131725169898444,0.8927097420404106,2.4756940936160685,83.82449252644777
2.554187053723307,1.4712191301351096,2.6522012491124425,24.85921826107159
4.893636640414341,3.8294682763295116,8.219838998947283,151.84838445722892
5.070080728786916,7.534164855637348,5.182462319704101,200.56437533953772
4.113917336413632,0.09151675488350719,5.521143531719649,29.219811952264333
3.313569944342216,5.34565198067464,6.780295668819613,140.62769053410923
9.438141672604049,3.9994921478301193,6.218082993649374,283.29424930329907
5.7023712684681485,3.7354042030555368,7.9041019586409185,166.00568284494057
3.264176673827992,9.625118438232622,0.4745936705077969,64.95725300034766
7.3448767964786486,4.577637867337504,2.9774832816749397,178.42865384239383
5.245601099699933,4.674803466231404,5.094785474631176,144.91139291259333
5.313357653152013,4.181894350908408,2.609015038097542,107.80630016435855
8.846212666301676,6.243996257107327,4.6049061502031154,292.4008200012287
4.994758940467511,4.390939713220014,3.2634543417757547,110.55235860939435
4.182188576003018,1.9530820495271717,3.214460719879575,57.76941587887078
2.429209582345435,8.5769225677091,4.663546960694428,146.9703574359908
3.589138204705924,1.6696671008270525,4.586553366730435,49.14399050679993
1.8453386593308096,7.33149410677253,4.86477355154638,121.47304136141408
5.031310077241649,4.960045920040477,0.6385165063805109,83.44638827846067
0.15579270329358796,3.173116903577439,0.6052140510861737,4.698921949340134
6.680590637519853,4.982535107230154,7.633071487916501,228.00992842641952
5.480456304997795,6.7196066464376365,6.068675505057227,212.16597450606463
7.063247561759266,5.669852862387623,3.1752177898985368,189.66034187757205
4.1484970317251,9.966749056935633,2.5806339421149693,149.34804290760675
0.8118679041122501,1.8487136580619812,2.8250988105963817,14.662467729305893
8.424596613313412,6.589781677573744,9.05409191136952,366.4032836399311
5.480535724845429,1.0579599358419367,3.234590474714847,71.90234180504885
2.1962265683847546,1.520887287263879,7.388348609186668,38.30922315873633
7.090331955737582,2.570866210313303,2.9668527245676115,137.6892008671503
3.5996791053036157,9.547018911692913,1.2997878747961444,95.20909420748598
5.249486207437002,9.665193157615814,5.389868456960965,255.74399979230563
6.870056365438103,5.908927341396848,8.270632256301697,272.33107577666556
7.304086200457636,0.19487878313452778,3.457112064038456,105.68680319064629
5.0891505134944275,5.70514636969687,7.228958815891736,196.3311000945319
1.5363524718255173,3.541006665125991,6.775069955349934,74.35762582850266
3.3281797568037264,1.4307205673261292,5.443555286597054,43.83632045415059
4.154843661251113,6.668937112938902,6.52042796800361,185.1663870260422
4.9791967863524365,1.6422123156377333,8.32332945723063,89.44439252706944
8.018489672297122,2.0282874343414106,2.7717520186706834,157.9501324472577
9.947265834607343,1.0939667342307835,6.439303642478485,222.47202137527316
3.1568672976688674,8.086390509527693,5.831341128486855,180.0914475750471
4.86423343677033,4.114843772343326,1.1239368527617721,79.08763134382758
1.443842263278875,9.633206128952132,0.5677473296070257,32.918124938511504
8.292836422911861,5.489998850332079,2.8959419592371347,226.8701464234091
1.699032755693789,1.1808958469329534,2.3385994656129796,12.726133058975703
1.1757846423323304,1.3031557410416006,4.4652425703169065,16.288646458811634
5.720894450112336,7.096490009989448,3.0181611557130426,166.29242724653292
5.584263049101727,9.932874272671238,9.5310526385143,391.31696037058475
3.784286725322168,5.328500056820291,9.548227017625441,190.89118167002775
4.827081047410241,5.519761590724387,6.075148587415741,166.77072634221
4.989048304159452,3.6391155052191495,7.910429880478253,145.38740321494015
1.1402538998632328,5.904583390362409,2.272546839256131,46.315862273655924
1.1411398335321243,2.4681589771778567,5.362092405999169,38.76231188266802
6.077159511165474,6.187417516235023,9.965718867770438,285.486130241817
6.359092525016843,5.305807722712007,1.8793778714428944,141.65171271326915
2.1541340064122503,9.402608878136729,4.716582859581683,156.86303491888052
2.7391162035647287,6.353566687114249,5.099185655889743,123.50353530449134
0.26869121006740326,3.4611543332963057,4.045185509050121,38.032220230637016
3.2173250379923566,6.888284209852504,2.851051580386902,97.92971922492636
6.573874846303426,1.943584324139358,9.677934160236983,144.96025030128237
0.6692407136288991,8.614521518080863,5.81912790351852,150.2288345143457
9.297958396053815,7.040811746771002,5.636934055767405,350.79807585651355
9.610215452082272,3.32540085003716,6.005827794761655,269.57982747114636
8.921823441046735,9.346979551627882,1.8405111125175733,291.3591163803395
3.676873090419047,4.3834418490296825,3.0632795933107424,79.37599512468944
2.306437094701094,6.568587679669021,2.5976220493560476,73.37984094796579
7.859079786072048,0.09224746290096286,5.86896964425303,119.01047337301623
7.9678819346995375,0.35490536389571115,3.0774585531633534,129.00129017802496
2.9992163156634675,0.7032586989151424,4.357637761260943,23.935824205925098
6.258327246134801,6.616498900303989,1.9442985715923378,155.39058469203744
8.410875096758195,2.081678288223757,1.8244204780151907,167.5635248754277
8.4763713853625,6.542639487863255,8.592442994122141,358.21491336240155
5.5672626796078735,3.3011183360046568,9.730279000512304,165.99914866910166
7.671096520196957,8.82515124856688,1.7301241344220686,228.46572803823875
5.124239533913953,8.938527295547056,8.750488127660477,323.2177593523649
1.1690052790033312,2.533371960703692,7.185582047767797,52.12034607610142
8.684718512275118,2.564393246149086,3.322742276366777,194.35941605275278
7.133056644485958,0.871539926367445,0.8778502306469582,108.39513219509277
6.199552329880906,5.313560336973101,1.9284639299444417,137.62315796727165
6.078074289872646,8.404806515978837,7.50776372648701,305.7671532824825
2.8370447042114377,3.6839362096775483,8.81860961241432,114.19211321984329
0.28299687345237023,9.906221969404085,4.450151667039418,129.76602327241304
6.138065363395574,5.404783488418139,8.071110455132523,230.32331024570985
2.7319897787292557,4.595025963340891,5.76822817551406,100.22834677837577
3.6207732458482345,5.793840938406618,4.905433059768738,126.55664564331894
1.350633979330661,2.0149266943065514,5.940031437172081,35.33600503759831
5.488819010051822,7.897621931528603,9.876232315940092,326.7229001439688
7.576838528688477,3.967449996635435,3.323380491142852,180.11034943885477
9.532861436667897,6.3891520705902005,0.9145147747542115,258.2722028535204
4.3862084794356795,2.7871498871126965,3.7972133070185787,77.6556647314392
8.261311826993925,0.044094672299168636,3.417973314777706,132.89699596838156
9.06631541572452,7.933275461662205,4.893046368437077,346.88233574411987
8.069566234292614,3.9687885240667367,3.7286587126172677,201.92831529790124
3.180689000592447,2.538485092487167,0.7510973493153206,32.27654757223677
4.627891187201709,3.3398598878724406,9.698316121851331,144.76599668671412
1.4841181696615213,3.10752410085826,6.023889920288074,58.151405868132684
8.38360354127086,1.055039918403663,7.0099189170704665,163.5919670003061
2.5815787632810014,3.9747759684934114,8.559734535524862,116.09964190104634
8.48251122647089,8.09606547299045,1.9285971808173552,256.4945096392432
3.4681671805115877,8.326726563515455,3.997297321631467,147.79075502189602
8.07393101948725,6.509189361981935,9.774499174149865,363.0291690713819
4.368320207571651,1.034842026360071,2.9670766971726215,47.92925449498172
6.322270559260685,3.772328183119958,0.415138306263676,107.07486495256728
0.8091878955816589,5.99266911760075,4.931291336917055,88.8822659898881
6.179125830038837,3.2300216938999493,5.57667532285289,143.7835740223704
5.389623909673017,7.254870000706173,8.994856516708197,282.9718001872736
5.345117363552435,1.2281184569925319,2.984280686525016,70.71586643864762
2.5625021861767383,5.582026678829841,7.5222486373268325,144.88271957384202
4.673757232341105,0.7269987935619704,1.0623113307306087,47.34041503978956
3.445492952779814,6.083361089274946,0.4664501956900946,51.74932585356981
4.1234631743427155,0.09077946347897603,6.952572560604548,28.321102734909598
4.895329613757827,1.1074926942286412,4.485597929464847,62.767748716670084
6.5228537795716,0.32793455543071226,7.918137667137655,86.1060672136846
4.84615838213019,9.09822417774518,7.7348535825567595,293.4473795367145
4.439014093243603,4.674470624531396,8.346865428781653,167.86439955326657
1.2820992368979556,1.472392288204929,3.882861500462224,17.443734423513582
8.74133794917906,7.422511381500513,9.949607311892775,428.3082719309017
9.24154441553564,2.686870094267028,8.449732119798204,254.30338117554092
4.536482851909582,9.196336475455203,2.582264960079942,150.53824341757172
4.719672737231857,2.442837305442338,9.082896748280394,112.5612344313888
9.725094336107738,9.971962858667546,5.268512445960264,437.4769180577642
8.173048932852288,7.318812778390928,5.893934460246984,315.9303467534853
6.6798082527982,5.019923059774661,6.714512491677487,216.1762958560697
5.340987287491536,5.208400351120952,0.5170319504377985,91.43198669996099
1.5449474779739791,0.0777898075989969,0.7685293467439025,3.3047284897667395
3.423477650085748,2.164826326604463,9.048088659440443,79.56616593350431
5.584298415325647,8.710939076709074,6.6712474423745505,277.680503531035
4.6304118851638645,0.44892557825468193,2.548691419754605,44.84396567410173
5.107622537709568,0.2101148507137951,2.746836789114462,51.23342013897608
2.025248736766704,2.112824369519272,5.147803276959854,38.96366913912505
1.70165898929594,3.1279518415647356,7.211707746792117,70.57590983640988
4.705054381220717,3.231992469666165,2.7125844301541626,82.07034671458534
9.90144931025433,7.915827812189945,0.5024384160731721,284.88477426569295
1.7755468539884511,3.6810511038256912,1.6710527043453305,28.62365046948352
5.864973547247548,3.2848279902839197,0.7340842346612175,93.56119577916323
4.827878094984246,5.252537710941389,9.618907504128366,212.92754126413573
1.6740920867999398,1.623912333230757,3.7583441196291547,21.875067402434862
9.696357013650008,9.466598325374656,9.705268546100069,544.75256409134
7.335745230301807,1.5383415195402894,1.5967494795270143,123.68348621478958
3.826674678562081,6.408637465329655,7.2045952703749805,184.12097115016854
5.43891190439787,0.5666033263691261,4.910374558489094,64.68156010164786
9.027607878957706,0.3100025974858911,0.8640080271504602,164.73351609484496
5.020736200375763,6.365353759970186,5.692201373211682,184.38077090563723
9.003806880398518,4.710780279853822,5.288542496710665,273.0029751861267
7.892486092083676,6.639614720369602,1.3003663487377337,200.58716856889887
3.824728550217935,3.3838935435494055,9.929388419540343,132.070162885906
9.245310424680962,2.848753270323824,4.243795528588289,228.313921648264
9.160252926304345,4.252483342745313,1.033774674015907,217.92884440237577
5.187844926725267,3.984319654969358,4.4811778347837885,122.57965941482519
4.700020676701876,3.4862223131086143,9.959203355906014,153.76649320257144
0.9718802216958178,4.281015877658046,5.909050037038156,75.03089804517911
6.337377454723939,8.754358501746104,8.536543521111442,350.46372373441443
2.632033846957118,3.646359897627315,7.447069988344204,96.46956910442043
9.972833744538125,2.79201155860783,0.04780334919472051,226.11169204050208
9.863331860640603,8.025448880047389,1.7023064718460978,312.01131065284784
9.107952182046708,5.251194489965184,0.7606568109035627,223.9596279657391
5.2432518118285545,0.7024222057864027,8.791949900274895,67.40138825371402
5.391115261765559,2.161180253617878,8.626203764508046,116.08155933409769
1.203988035269229,2.825687600640665,9.826896708293393,78.77759227663313
7.936261305080885,1.5151475111181278,6.649440197689634,160.56830166890992
9.78918590109939,3.809537322815728,9.448874053612274,326.4872313066369
9.481867478263657,9.213955224063268,4.511094247627755,386.36109111581777
5.204378788433125,9.109256119723078,1.0415351670809114,128.00043309171156
2.4175088374515363,9.185723409575582,4.1690532700815774,143.61352286553335
2.986441512827427,3.8703163537367056,9.365319894590096,127.77107158908532
0.6591035091370967,4.318783377209476,7.149409363423242,88.19620173406638
5.588252595459355,3.9627157125829218,2.5471873899778688,111.33594159672282
9.68730624445184,5.412264306659106,7.772694697554422,357.54900589895624
9.214298441887403,2.0574000923544986,8.965763574517297,234.13681486186246
8.437327797759732,8.530529144026211,5.596036975003038,350.9673039541221
7.683343856107935,6.847978646493256,1.1011143506384835,191.20302861359576
5.199774894053231,9.54865997523984,0.5094084467163473,116.80929600066774
9.259449846482688,2.327622640061616,6.238282592771361,229.35014881758406
4.592987745903053,5.420324275630378,1.0944242730679898,82.78853493720307
4.639653998287205,3.7107807723525266,5.989628558283826,119.95848419941338
3.449940969614186,5.589643155646177,0.9042731767648082,56.347544259080905
2.1143643014673463,5.820867860934936,3.121076590049622,71.62955466091753
5.42287432795106,4.069821950699368,4.916129260190595,134.99244799588746
9.710449827559808,5.2546950390094604,4.3064114682753685,302.1913497091061
0.7638554207312453,9.580276400523921,9.246925702827477,264.00228282996585
7.596979959913039,2.621893865004422,6.500536205949963,178.9772959590062
0.5613744310564772,7.5349327588592665,7.578168722561309,167.58500765104975
6.058069518731633,9.608136520850362,3.072634139117325,216.10140229902345
9.444168818553717,6.195209394926422,3.782050504596779,302.40298668855553
9.905062339824827,0.5234555792181073,4.687422774363748,203.07893009173705
5.204998471557496,2.3468310060827315,9.05184404625652,120.07687074118007
0.3419803224677487,2.801212652380837,8.49729036961858,63.102722201441864
6.797454279792867,8.370665780491937,0.8677550912056264,169.2332957582715
0.855820051106535,2.2782905553874375,6.952844000322388,42.98361511602693
3.75688891016691,7.468869187386194,9.921447006868894,267.67266291304406
2.0871866978659535,3.4286197399145566,8.06065314217504,89.71895643410934
6.662777574396358,6.360442114106904,2.6792062726257972,178.6070240466154
1.3534384936228616,2.6801632196124325,5.949548465192228,48.17876202659309
2.1015388496446197,0.5321252030714074,2.5724932676417778,10.485385099950207
2.758127264016358,7.606038798951175,6.816071919769124,183.90680550642182
5.8579278784004405,5.107312822190342,7.878303500832079,210.38148618179113
0.8111185766881446,3.9493391771610673,7.494481799493774,84.81947901342504
7.867098679787103,9.30260846531649,2.557840897861233,264.7929583213524
8.080363089870467,2.2329754608533325,4.267069595618176,171.9455033174358
0.9928507641603423,7.411303444305515,3.836138089970241,89.7860357950043
1.6698293969202238,9.435667757720829,8.318278584489358,247.4798763647808
6.845018831104168,0.7035431479722021,6.567734933891724,104.8186514901252
0.10477040483964362,1.190742830883078,0.8570563421885236,1.3512530270951013
2.62648854556365,4.369921022388922,2.2619917722745053,51.66661609240132
8.664433303986069,0.5597936155365346,2.452062486548423,155.66098769231036
0.7351120544284162,0.07902873233943786,3.4547356807265714,-2.496791097558783
2.7106809035831345,4.514918035226593,0.29586978632244576,29.645697738147472
6.3402816159135,2.984632807436199,7.351278964207008,156.7930806127779
2.576908345328653,2.2846536811551865,2.409225561728159,32.271768960881616
3.0544441320810236,6.061155058114651,4.97011485389919,121.57651291736624
6.6461066134197875,6.4070746811206885,5.784578085162954,235.32566093083167
0.7133878445926889,0.9867740676285042,6.621916153902956,13.702886320972866
2.2942982823152756,3.2523636889281313,9.324937456547831,98.64882814050023
4.183532012551588,0.07417610420782594,7.669590965945135,28.35130847682659
0.43973379570044213,2.5609236208258945,2.026014275743555,14.052245455349784
0.0013975994418624627,0.43100827430407773,3.195783046961085,-0.06294995510630619
7.9806775230575235,1.419467277065365,6.253645317593595,158.0876274013602
5.103575007188157,9.730633443319668,6.364896044124557,280.1924882399365
8.292850891843923,5.067314787739922,0.49500229602421175,185.59523285327788
0.8820294366377213,3.048142327747448,4.766350705462443,42.063698411490094
3.7002299339911615,1.9282969397168648,4.638558385807293,55.71354062111568
5.67582791117358,0.05464387133772064,9.986808521994913,55.3905392824834
4.19672886111345,0.11241303807866809,3.250469925154149,32.542548981930985
7.430181906486888,4.698781736543808,7.364981488274247,240.78234940135363
3.784207090256265,1.3125638556340102,0.22718866814721017,33.274870287307664
1.4111075572676512,9.187816513535896,3.771627463151538,116.13488219679085
6.2591359022809385,6.905777969163039,7.190258961424551,262.3505041301373
3.422582760369398,1.7715451019374528,1.4318321146606783,34.66923862217452
6.973923481271597,9.189376364884094,8.871353261552189,396.0524837517532
1.5539173507630533,5.914697221001116,4.802166045073336,93.42817734189879
3.511804081743073,3.776255224114956,5.9071014287093915,97.94007078675801
0.22595470042266141,1.375333176240221,8.82107642096217,26.98755478384159
5.749510023550912,7.041817166712583,8.232853132665197,271.2906158350623
2.107921876688109,8.637613029865195,2.8192719582443426,96.33015139001009
3.060930205194544,7.589711367578088,6.352691402904654,179.26275527899128
1.2934238630333805,8.54657506460346,8.515701430807233,223.2247778023206
8.990805212850875,2.8958767377490635,7.652631921945924,245.5360247943922
7.543269474319114,7.911260837008177,8.447550259967828,364.5233714606265
2.0486184064765522,6.095828458505753,1.1380983396863797,39.556559536756296
1.8342026305614056,9.252883534035101,9.551658027890413,278.28974173743603
3.2847333110832566,7.890973848845208,6.78172399807933,200.2601866667792
2.238798418957053,1.5461462498419176,7.424924586482157,39.50107982883482
4.596654806847926,4.456302936039361,3.1292821559287987,100.44836275990662
3.9935979961592825,3.540303452587313,3.1620222642787055,75.45773143777622
9.651739333936197,0.7463364318687793,7.559181078960283,201.88148466032314
5.189664536202647,1.2604531413365683,9.077441555769223,84.65419258081452
2.435345688859647,6.108296562525676,9.988689659099707,198.79057741566143
8.864810044660112,8.222602277477746,4.2212832983836455,328.9700392095643
5.192122965220119,3.730393101485805,7.804833420712613,151.82539829535943
5.216810848273986,1.8409650951361278,2.6743374234696415,75.12994565714024
3.62916189836156,8.197645037775272,6.2196062187664385,201.8309791462196
2.6563222165986398,2.2389602032477827,7.4474350983854265,61.63559247303999
7.858684848629932,2.777471879030947,6.132634065842186,189.31215319435702
6.7516452577139265,7.981315481801811,5.039040006628177,259.67190224338015
0.7281168376596714,6.353683257159503,7.139783589310166,133.6385187833776
9.289306782252334,1.3344939002814593,8.720164228214495,210.1698179161573
0.45121953979632146,0.2705997569199492,6.914648018286443,-1.7720437555060595
0.01040346629236466,9.543685718645355,2.9205630241926595,79.7977477258815
1.0240777553267244,8.302574705318014,0.5432061218901407,22.586774665811344
9.187255188644235,8.380093436261939,9.975643615799733,485.6162058521171
2.5732667130307894,5.630504530245127,2.442114817004316,65.54109384259375
0.7514494373771197,2.936225180097971,4.136876125497078,34.63930068786082
7.254105410856511,2.3015793738179924,3.3819918977632177,140.9097664979352
2.871120470121239,6.034523358031196,0.8514148531792065,47.374742652041206
4.216469874792819,4.828767841626779,1.5701973035895167,76.09374797681528
3.8082054165669934,5.699950930323471,1.1421279268892204,68.09953248793697
3.265944333211188,5.369185242956561,6.5547345843491245,136.89426291446753
6.331883941351729,5.054310321393527,1.9974178599467662,139.47810610918316
4.015625415458027,0.9205211126870938,4.884958900526143,43.5521274372199
3.6975319737502863,5.669629147633307,4.0303113886136535,111.82792182664576
1.567595298330261,8.856954264744154,9.71582883479575,266.240955968443
4.355530614662873,0.059467733906720666,9.013794405147019,29.79460278252494
5.33770959426128,4.676798553716008,3.5160630655437597,126.76137284951929
6.617324433118242,6.0648719183694695,3.287504946981552,183.2385747918121
2.80540860334085,2.6977687546792737,7.439700929598477,75.08105574408796
4.427115501811989,7.426733594687393,8.872245311708136,259.88087239624
2.6480010589428318,5.5723803126503615,8.383038068797704,159.5368790005579
7.684891743299298,1.1142741588446337,9.55720650333725,148.06903670443083
0.8283005757409612,1.818216938416054,8.796516094312729,41.063601415331384
1.6845313394424888,4.5073637451107285,5.863494685172292,85.6913025596465
3.0908686286057083,7.509649435464274,5.213646554012728,153.56260475964402
9.859407352603677,5.812921659448183,3.3195825949201128,305.29762734251835
2.450911677226789,5.7191920670843945,8.611022813710887,164.1644280039165
3.0726934247935898,1.563596537384676,5.440115412254331,42.765664017458754
7.161206290800894,0.4104593024100356,1.8226377567099306,104.92685292713523
1.8131360277144881,7.222854197166393,2.1691871609526467,63.50492228662992
9.442221155115218,5.578294654185364,5.375394111374464,314.5637750729104
7.869711111007499,7.083577015727415,6.155207144666499,303.257855114113
0.11569651533195446,1.476056559647092,1.814947659389048,5.419494502486929
8.691477963415043,1.9645062685166303,1.0132408929056447,172.11635468284751
1.2086344037730157,8.563962348705923,5.619498762932629,151.02832248136124
1.8330921714305048,7.90480319860534,9.814639773101643,243.1444345195994
2.5312255428923702,1.2963290800122484,1.8889235676799443,20.552582861734763
8.601372160888104,3.61872956937575,7.902318475312766,255.97998800041603
3.0896445749157833,6.930416148002535,2.36574474838617,86.32537192261478
9.902503883540174,0.8083140367536423,0.9801661147817431,204.52017918713275
4.964953032295503,4.461633913179664,3.1992928544240318,110.07624769008531
1.4020520939976455,3.501898913347856,5.940317060595721,64.30819737072375
8.403653751436403,9.472863008105964,2.540563997101658,289.5081336294838
6.844353271891092,9.417794717881282,6.820300505967133,343.0253272446358
7.708904120934623,9.385186254119784,6.467356194450245,365.82857765715096
6.3880112340266795,4.310733754200131,3.791846667223747,153.39546829106484
4.764107529909958,1.8856339372283537,0.0940355514035518,53.81471828178688
3.129409720441961,1.8891915819710259,6.7590528953115,56.04684949763714
7.962478994794978,5.726151874680774,8.987756166275446,316.80452180405405
8.128351301944823,8.467997114553876,0.5689761108375246,213.8563332302344
6.135357391678905,5.875352769202147,4.767184146357495,189.59209126894024
5.959275206558207,7.142102485321309,9.383284963037328,304.2535398403953
7.175875003813358,7.7519228358274646,5.41577304528194,278.1453846346688
3.7646546826241245,0.460109279555736,8.150620237664988,32.17731009139414
0.8647890073082343,6.162691623892373,7.10175134092708,130.02110719626114
5.385234404961913,5.34593446009765,5.792601405922678,172.89861037663408
3.801492174602429,1.132963677040526,4.088521096906136,42.01755464942485
8.696096561490279,4.742858358134096,0.2515680601334713,194.8164320431288
5.878079261005289,0.17424988227183413,1.9063085343781072,68.21809979522507
9.132568690140088,6.036011130839651,5.481901574361937,314.7164632157836
5.295931475999264,6.044223298339762,5.164188159817785,175.57990382853035
4.000589720083131,8.238804930006939,6.736350101573237,223.73158770533536
3.1251632314987288,1.55945988035609,4.863367383039759,41.296168694918336
3.9346145828189085,0.364767725134687,6.183222386899514,31.980701746633144
4.488174263837305,1.9599863618373592,8.882777768300787,91.43176886681773
3.3923714511984926,9.814538896787967,7.719346660262384,274.87706719049777
4.26748329042606,1.2332729894849237,9.194673011101893,65.509751747404
9.658498738802333,0.149272778789743,0.35313449447265,186.81995232792744
4.647528281794873,3.740750485128715,6.77302280820345,128.81982419346127
5.654780711513633,2.1225803810261032,4.59389123560653,99.61463538006893
5.798682408913982,4.950500802067389,7.185356282732349,194.48379711484665
1.6878049211891366,0.3266483337535375,4.325836479560269,5.161934924043611
3.8036668123691553,7.638787593275959,0.9251781484681709,77.26770523211596
7.058976808717463,9.762730955291296,6.272139986578491,345.0007041972633
1.5674930118987895,9.381625955415071,9.350072448004896,272.4262764517018
6.23738604193526,1.036840688566909,2.465347819327172,88.48031588315254
1.2760918680249056,8.30493121128569,3.7126958538336394,101.64303126421473
5.304304747097573,9.069710090587591,9.33961257967711,348.162926777018
8.722377468444915,3.793950208215252,1.0735007748349101,195.39692790638716
0.7816659420261418,8.903840123008433,7.446183987596818,198.6345431358544
2.394088937555737,3.2361009772032467,2.5748349002429602,40.633279542385964
2.4799673222884633,6.530501092535772,2.8175389835919784,79.8781903951317
1.1351382308799074,3.1758915517050124,8.544787916265195,78.04932487074714
3.498970217746815,7.815686024138271,4.741927911053225,157.2747689936946
8.914524976767884,3.7730515166454848,6.5353883253730345,259.0121552799797
5.302258313409148,0.6578668235324792,4.094692943914321,62.70266125557099
5.989513895434718,4.352087812085047,7.524735475693247,187.53563701493906
0.14897729645503288,7.811026008378327,5.4151541518447655,121.68662961345352
4.86611646998044,7.896064990496284,9.396699594338921,297.97550338199136
6.088404921359494,4.762090000556213,8.512901323526489,215.23558665014752
6.769185910107588,1.0415827580382475,6.222474679684472,110.91561543750396
8.910313241980916,4.157324001279624,1.8240081085370352,215.7553931961598
1.1417131666004299,3.9489977879284934,1.933810174981101,27.091666813772335
6.935119909961473,8.879926843856888,4.728427407266612,278.01097476670094
6.726421752690413,2.3573014371976964,6.798564321126037,146.62593486903663
5.40100794967604,6.466442537506002,9.677878258702275,270.3335339720492
7.104248586356735,3.521743114742918,6.08708042862602,183.18435483450142
5.748166140813402,6.740462667949567,6.136171070384018,221.77385224795455
8.300034993999047,9.268569691307386,7.285102710597354,408.9929584193021
7.260704076737162,5.2266509478637415,2.2577057716637183,175.52782748745884
6.0993231133459,6.01012776174076,3.3818577005509596,167.6555289098016
2.343325508045735,1.6849334370732216,5.945252772450795,38.037509167781515
0.24122226887494547,4.081529678123349,7.357327826676617,82.8310600175532
8.72078548218526,2.35345729778179,1.5339656355185416,180.924597310879
4.452830268185112,4.060886377128194,5.864895019372792,122.32295441326909
0.05617377983260896,6.523026461668141,5.831851682977984,107.66485090217122
5.030583934206052,1.2963715486031957,9.146827870631624,82.56128968709028
0.008401990399782289,7.061082242231106,2.06292074188978,40.695906643271314
7.359923724974787,0.14956182202437218,4.2660533739874085,106.08578084957405
8.373818067186418,8.016158691540612,7.8761823592963145,387.90151319293125
3.41687798388428,7.076098572761975,7.126220698457503,190.67957538074003
7.551328375717673,2.8908000998354866,4.859419253931316,172.1579110375431
8.0776117890344,6.627205470339962,5.153201088297954,280.3283837023585
7.402417907042954,5.3979607020660145,4.077377647822077,210.50073798696374
7.09675425932677,5.954944865295163,3.4863874037643185,200.7859692730487
4.39778200930602,6.403147727441651,3.5412242551657123,130.32434295173408
2.744695407802454,0.5719731804466166,7.061923306854963,20.69236681980255
6.691478861966179,9.33261978653274,0.309943705282103,159.3686233132305
3.3351625202934176,7.31877780443607,9.643229840791815,247.74267122604672
2.557928498194002,4.349142532218274,4.8432287861936345,81.55924016531704
0.8549605481356448,9.729597423076447,5.795894186694726,172.15959426688093
9.007419932420538,9.65328460277995,6.934755787146701,442.1131738275025
2.7051622328351943,5.28457761189975,9.385195250883244,167.3366280516065
7.365986812941921,9.11371808438254,4.531880186646396,294.0220057365368
3.2151609020569727,4.335855581784558,9.335726104511448,145.71434691201267
2.6297709193382532,3.8631434734517733,7.544530493658371,102.88285325695347
5.682008188441483,6.183812970173693,2.8062466382552542,147.96057647854192
4.779141065392788,3.7585286474051505,3.0439083652643637,93.92085925761911
6.614761152429138,7.474161424900382,6.818913003796582,282.0279794421742
9.335628469158033,2.42299791145964,8.788822754495946,251.02520089174297
6.516739541550638,5.544766932643829,5.7561805502915755,210.06344859392303
6.793400009611991,2.662797612842265,7.835093164635001,164.1447256707953
7.574947923755873,9.384566939903394,7.196323462531781,380.25409225544485
6.113302966053913,8.718292547038406,5.442194399448127,263.9402442135429
5.33592318413973,2.3681148427584175,3.3963152835462074,89.31250996367272
6.1209273152865205,5.148464697856121,2.878138313918399,147.02072279928686
4.320629620605257,5.239732738210102,4.295338114505808,122.1985582159361
8.846301238764768,3.333334541399272,3.832365626927806,219.4930772283413
6.254667881226811,1.9224560689884052,5.117936197337771,113.66515114913645
9.152875291545307,8.168936417050128,3.9980995000917074,335.30207081075946
8.866588756169865,6.858149555540183,3.908741710881034,293.55264805007903
0.6284483257977425,8.208307270677809,5.331040117947672,130.8937975216141
8.850338638663,8.836426769368565,4.232410571811206,341.82810495800317
8.690571026660168,5.535504605800266,7.914880450644267,321.6824366000173
9.86662720057971,8.399903800092414,4.19865326089317,378.18558113013114
0.6954462209058443,5.90075562645991,2.582700200422842,47.2078971101447
2.0997327552509413,3.3710384223045544,5.3601914321781425,63.744077455632194
4.920836091437551,3.259444380244645,3.363608097449476,92.99531965621169
0.5681945436880476,0.49482385408581187,8.57298615866195,4.0802142904303125
7.634665991089166,1.662803235365501,6.161800453853196,152.84698163908297
2.0886485857974635,2.47845037580111,1.7452689137059452,24.132935973733204
2.4249896490758296,4.0582809120056975,4.3588772523812045,69.31220660186791
2.8599057369904637,3.971401121108389,7.11485958332381,104.36897889298919
9.206270557891942,3.935726667558692,4.1413451819494,249.5004625482143
1.8558193457581673,0.14481130693316802,6.109643539526451,2.7014673711090262
3.442920807010289,5.551328559873925,1.3192179914743307,62.471211518867726
1.6644026227414788,3.2282535565176196,5.915713111582079,61.29013843134605
0.43795466720022214,3.778680834597248,9.88192592381303,103.17850585626978
3.4929221341879257,2.3800224233219955,5.66078427420638,66.4718393176776
2.5845663121534077,2.754477840102326,8.31023319226625,79.83992300721243
1.5508347810469925,1.9394440815678193,8.304111741927366,46.829903743550496
6.64734246964718,3.7233248859557833,6.242247362929959,175.60803694939523
5.165266520167162,0.24422498023638273,7.896585719851917,51.51048831676833
2.6256426178853864,2.726314187367722,1.4987091826785337,30.70547217355608
1.1791169216827535,5.00567471790685,0.355274186435639,12.662796046782507
2.9121422462828694,5.837727819787977,0.4604665737152913,40.56520774014156
2.5193205379339956,6.259377954695461,3.0551231960846916,81.77772053293673
5.1672409520778455,8.487361494338213,5.959244708308304,242.03254751188945
6.886857629811846,8.063245212091886,8.572991202832354,348.1934374423333
5.378466646026458,8.200503407380008,6.16439869015025,246.4510596809856
0.3463439440655536,8.337629107016955,8.873025282286823,215.19455190465084
9.959052705737683,1.5950506452553737,2.6025662295037364,223.10176363730693
4.58687357427605,8.257095200289301,2.323612033714959,134.18831542632427
7.94695512329498,4.710604094272824,4.464588337497043,221.37128677219619
1.5813898669946114,4.738628883611426,4.568181642482293,71.86777831032552
8.42584322898366,5.284153261590104,7.070628906777089,290.52934670984166
1.6726381912994048,1.6401977386615796,8.105903902775765,39.118846267601846
9.655719217138426,6.138710050583828,5.318737688371495,337.3713156279995
8.508378221381728,4.046450656715611,5.718274598964776,241.91160597747955
0.9374739520253428,7.856819544604237,9.22591233625707,216.35635123495473
7.087358315878021,0.035632376164046464,5.823516953312859,94.512835499533
1.961583145505147,1.3965289542228787,1.9275410122640857,15.583084022245792
5.58272905301286,6.536108965400876,2.8173195785236773,150.24865646174945
5.5337204860763025,7.213587946855085,2.1116748569623733,143.74868626628597
5.290253402317732,3.1365320845713365,6.353690733792121,124.99858544550656
6.553910091244301,0.3836066045937514,4.805481883802187,88.14636004798696
1.9088508718645136,4.796899964828583,9.860500385240979,147.4829914503688
0.26952801398524184,5.90621247197603,2.517460896700423,42.825696359103794
7.35507414422308,5.211308239117548,1.895541330035514,173.2629989435181
9.66460827762808,5.828040921021397,4.550509700073656,317.1461993781815
4.649773923191769,2.928423937718281,8.993165785394048,125.8715444352982
4.93210684997429,8.563132193994413,1.7721232952484067,133.63829373892074
3.241375847266111,7.936619739980153,2.01612509273275,91.72613183561074
9.975745221654753,2.698371354665997,5.367018824408606,263.02886134509816
3.52685115588021,2.735238920573011,6.263527883643762,78.657346558765
5.156330126265233,3.2718175373923652,5.36860688263981,116.37275164507908
5.36468666944205,0.22619194080305993,9.74169969126957,54.641957200536794
5.017575769492608,8.6357599908339,0.1581323390158118,96.62135972693393
3.837275308006446,5.0420229440382025,7.5188075514070976,154.00818673103146
7.40114134735114,2.3790334225522978,9.381020098347584,183.73361007378705
6.765397532204608,6.7018749755412586,7.17214089413083,272.9102898023547
7.424644565756989,1.494093194202718,5.7460911593843,140.35330069485045
4.220181889771382,3.934633199689287,1.5814928559399133,68.31102816994859
5.9245744530587485,1.840155126547115,5.106240883881914,103.18588608777627
2.9707350728554682,4.029165698512762,2.1265447794222583,52.19817666648162
6.438174683802337,9.479079181522104,6.0136176446566525,307.92520994918
9.339148079468282,7.725504195602917,9.529498618688882,456.920047435092
0.04171930856252892,9.971380057876079,9.562229816071863,275.90313335719185
7.8560952742801495,8.593131684094875,0.7225929022258304,207.8503421180493
2.0269750665406825,7.132822119318094,8.955942628010124,204.36280283191607
4.216560926387359,8.50696796547346,7.995930195915305,266.4963567136426
8.25115369646337,9.224379620672845,9.827429008746497,473.4032272569429
6.6611496748574694,0.854412012426985,5.372253570054545,101.8312966626004
8.377213850555748,1.7798800461361242,8.134620014306783,189.56718309549126
0.7324255021431236,7.965947788308626,2.1990448844538135,56.26074285794202
0.315229198815663,9.456644917363782,0.7364204439068633,22.335528996193723
8.66664184898119,6.548624151736552,6.977857947053835,336.08419129505
0.7701070128050314,1.3451708267724394,4.525869239506745,14.96038767026815
1.6965963390794503,3.402642601010255,7.410708960614639,78.76706233423812
3.101153606220872,6.22999151098734,5.730266453864523,138.92273565572725
0.8163842109003339,3.573144994326105,1.697295372889407,19.746777539948646
7.881146875180402,1.4898055398464627,3.87258634704847,148.40194384437032
9.733103372088523,7.723534771875751,3.229825275938263,335.24774303754765
0.18183989579803495,9.018257912428195,2.6186259292290295,68.93371666313239
8.981066868499063,3.869309107823705,7.836997411195663,278.2039469973551
3.3012977229402054,5.352059767654334,4.642355821233755,108.36201766762699
8.74202419042639,5.389319608242323,2.0590311239693007,230.19083558439166
8.069668074111707,5.975319021722839,6.611139884329388,289.3577966288871
9.458568354119018,0.28647251582204936,4.2285910968132665,180.04418478441
3.4007918234108656,8.260432967153777,6.800623944383788,211.95045368271232
0.45788968739506886,1.0259224150691804,1.7853580170452188,3.598643634358371
6.4547119553044325,9.286340805152486,8.484747789541208,370.15929893673956
6.888173051012759,0.9899579384276536,5.302450905468548,111.15801675001626
9.057327756144502,8.533994954088397,6.068044861486831,389.6515093587583
7.604475031726143,7.1035356267667105,7.84570524251367,328.02577520642217
0.6971067371157047,3.788009261972818,3.3890988166131986,37.73727668724469
5.533723226910448,5.893301693078355,7.244634290236062,213.69589826118371
1.6308232782329268,4.825151283712571,6.3847756965984415,98.22588841350466
4.538379963631925,8.354391820991683,3.7467461004295552,168.2677986671644
3.616889659273832,8.496886805637784,8.920566422391332,274.3666466153612
4.829558137280685,4.02112498426504,4.299157574163389,112.6327127156467
7.440454999539943,4.907371254675183,6.197141417143371,231.2716957246003
5.551054007164628,3.088623173997813,4.133548594438618,111.94088857200802
2.5450605240606583,1.4621761458638116,8.061423955464997,42.97623440298802
6.902847355020338,0.2505985340066941,4.189708533461198,94.98854255680357
9.487791645876554,8.153931724898914,3.672224813353604,342.55617233801485
9.363047678062848,2.128656529555978,6.392856319656207,228.69576594220055
8.401125953511519,2.725401537129591,8.928511638097513,227.12710255100296
4.71140407593277,1.6379162683579596,2.0648207895998203,59.19273201419812
6.463878377011842,1.2125774790511434,5.050973603290277,103.72451760549721
4.586473900121584,9.984339791895517,0.5997712935604504,104.22958942190346
5.038405710320479,7.223479933340849,1.6768011400904215,120.82610377095818
1.0259320509826697,6.619197579150066,5.123146141227587,104.50612356041331
4.093776327309337,6.920638431071345,5.95250984175379,178.48255028982504
3.699979881797036,3.916528029622317,3.3307921815484076,76.6754078055976
7.0555915755662895,3.3947009915344815,5.398022346394045,172.09036176833462
1.9635991748004067,8.240194202816722,7.251253062043932,194.89582924839
7.6861809103857235,6.527651412108134,2.179348110392112,207.82618984819044
1.873903118288296,9.145945729912764,6.786939669890309,202.59364802557639
9.337869455712159,2.7108143645592953,2.5951472212956537,217.21458247437573
0.7463460172020309,8.513056851500213,0.5286983512450938,19.441569843204956
8.590894125207114,2.232902420369264,3.7702459829057533,187.2750801852948
5.091096701739891,0.853097093448475,9.331920014020318,69.73291255839587
7.215562991037817,4.234244099545069,0.5970303617021966,140.66804007212505
8.636802785471161,2.9791245960592407,0.6491284820951704,179.07121171869673
1.780187546063906,0.34757314578274023,0.13211579598419232,5.96252469626001
7.00033059028859,2.5641637416530747,9.064039856786282,175.62025783008613
9.145540410654352,8.660973035566258,8.57702079550603,459.7701144087827
4.286251477556297,3.405467330385634,5.103517504899479,97.37666172840187
5.577014361727172,1.0307017930131157,8.840677903176204,85.4500468797036
5.414024300490103,5.6612674368442475,8.235615646691226,219.91001012948558
9.430725822460087,6.220367287997285,0.6479279745437394,246.98287944387985
8.725264887671884,0.32864957619993085,0.6648517287772027,154.11870731556326
7.461085790352696,1.5129710036121635,4.091830808280936,136.1046420838392
7.180988381730765,2.9106116404654,4.337945015616881,156.57453140986001
2.7332306661539074,6.088738051885814,5.494080978014081,125.44500406531579
4.533044228987358,0.5592935523456333,1.9009077271189978,43.92087095270735
8.055690041839576,6.713384579611434,1.4448290981373257,210.52348047009156
4.32956508567306,3.960053301371148,1.1707808169668044,66.37385867444661
7.870595945417755,9.310126721248643,2.866412063660478,273.36237327596206
5.849190285517673,4.109255305144762,1.057028043069732,103.43563644189685
5.599851425649839,7.6085852346440355,1.397213959586433,134.81886940016196
9.373918421123035,9.40457783368174,4.688572187587917,390.4919925432044
2.5903607833416,4.903890058008428,9.996647217112786,162.19351195497026
7.558229808250017,9.522899842169148,8.582732254602659,421.8447077603049
6.531702590617206,0.6156487395667054,4.476106417814108,92.1385333367561
9.89913776502309,0.4112424951473481,1.1016730927135387,199.31429437784723
0.026643633436153058,1.244606352289812,4.675944804027706,11.817767615948645
5.774167298302741,0.45192189004927497,4.300571856956275,69.82148440519616
7.949079459355728,2.0493116185890434,8.688252749179616,186.39242855866385
6.796545817877037,5.964223191226374,4.882233908178294,214.3961504884865
4.5746705024792735,3.8323690978744054,4.452184167095131,105.1221011721352
5.184602888864374,4.692561039720852,2.732308934819608,112.82155018637816
1.2716711796750635,6.350126823330782,6.630205420560655,129.98729888226907
6.580465689565034,3.746346928794717,2.916565217337709,140.12059502569636
7.482619867688312,6.107217848167995,4.891999582341238,241.41471168082333
0.2923050378180747,8.09889265132695,1.4501992779245965,35.3230571399032
0.011789800196913003,3.945751309054991,2.1702987348232594,22.566876105422374
2.0979541198479,7.89954441124869,0.5342866433115123,36.503281278691524
7.638001440189886,9.321319164676549,4.246242239834954,301.36987646921756
8.718985474260592,8.7129323576529,5.738837723041451,371.2768230195045
6.2058803692471995,1.397801803324894,3.042779571716121,94.41732183184652
2.1966660976471166,7.518095660367435,9.832474767488526,237.09741261799633
3.6010126717403788,6.8449706649239825,2.9580518439596917,107.36869307387744
2.531857454083608,7.433923188454542,0.2707935708539122,36.41062041948308
2.8571388390462147,6.021440770950054,4.346750597004099,106.70493018572228
1.5366153030854313,1.8971111293777054,4.442392269781907,27.47824635082045
6.985418412770735,0.6803333622859897,5.970980251926827,107.56034495957064
2.851526324028094,2.639152365795845,0.783807651351407,28.209972998265666
8.666690972688333,5.444705216143946,6.055586227866221,289.26770191501043
2.761962633195166,5.997322495181604,9.933284800356791,199.6073081575642
9.993620726859898,0.03025316678090917,8.831363208467183,191.0174160429208
7.607337135142479,5.663479094042032,1.106261121273222,175.51675047901853
9.66683696936068,1.5830438689657456,8.221384326362585,232.0215528114501
8.227378918240849,7.087256506421774,3.908858184427361,271.88945611408883
6.492739525402787,6.727369947587432,7.975835339821554,279.9837434264054
7.856205919183533,5.0798360772878715,5.9979946742683286,247.75667568701778
5.269703270281358,6.639494123906825,6.914597151669417,220.3413933328002
3.5391721031715875,3.0736205089554325,2.4987762899365418,55.47164417895214
3.5323284027942634,4.744325879013047,2.2791620328782747,70.87330515719066
6.621887534991117,1.3081110488725256,2.9062403542515227,103.85976830102993
4.779998092520774,2.346999118779771,3.4213526288794727,76.58379702608516
6.363425310334657,6.58730813782062,8.351139290313355,278.5876508227473
6.86922615287156,4.736973818756637,4.650831988002153,187.35365641966428
9.518003004638103,5.845128012431831,4.064452556755428,303.025992304739
3.2213402672871028,3.3982778743988717,8.315620734659863,107.16182472032405
1.3043151433431843,0.5816374271358704,4.520345840134787,6.528375622983397
6.514352597508443,1.6785034443486335,9.728420938460953,134.06708602332867
9.05472249583275,6.471353386476396,3.414243738925488,284.44239764761903
2.3347545030433983,0.9424305664599941,5.073741399004412,21.373706731012405
5.868811001242173,2.9814594598865463,5.805411996136199,131.50389676166313
4.003618393742245,8.917120919299677,9.60104788408075,313.99873673607675
8.131080767050117,4.1358835660452264,8.017791530149998,256.32231734563555
2.9089923502234005,9.840963662430777,5.31880954814559,196.25958592408037
7.328241122779714,9.881160481615161,2.425832992088146,248.3020647865282
0.5826283191767179,8.129311167132329,8.314438628887306,198.87281617184686
7.799740663337538,6.960427698948534,3.4279148644074855,243.1127856395223
3.3608563458434695,4.83820085887078,3.256146781386989,81.8567384953544
1.7823405335235232,4.407127955395591,1.3829208345447364,30.109684721726634
5.967155163581185,0.6300434619315398,5.281970382583255,78.67509092405713
0.8390256883717195,5.479151474948775,1.4106368693744409,26.781719430432926
8.41030154577188,2.1264744842920438,6.592610124418177,193.81507734287536
6.021194908703148,9.072222550661863,6.200634179127494,288.6951619955805
5.6842883252866,8.253513301178787,3.1410525084606022,185.17072029684846
0.6626500670606383,8.991850178422887,5.044426707699378,136.86842121378615
3.5767898318586724,9.820611021621904,4.924093003607321,199.8618257118964
1.4625187937090778,5.610674044956382,6.695573288680793,117.48810319206186
9.175362845800583,8.521767186370084,2.6557178562659587,310.8033827216653
9.986591660157963,9.102233777567392,6.311169786777753,455.3903765460718
7.543374249581846,6.7671835196552435,9.971567174843054,356.3190960202272
7.537168869632697,8.777066191026373,3.23967509674137,260.836912388245
7.186593489584663,9.92219042910596,4.619778163488242,306.4961789808924
7.5585420262475544,2.2673781451265773,6.165245361634223,166.17277053973854
7.907716464698019,7.932929727374516,4.3641262474538856,286.2921126704372
3.5231077496058916,0.6980984423166481,5.951971569445879,32.79726713736331
9.8657381734741,5.506431575317519,7.398575944494578,362.8112722422755
2.063235198677882,0.49161654106316344,3.1942603268899425,10.044992834493332
3.6730195891362296,5.734597507774502,7.613761802524462,170.4172513563365
6.956551135187214,1.6964125941620578,3.9057678913634284,123.56000198159765
3.1449083012432935,9.196844050039735,2.0213145716609535,101.45195774792292
5.6323904007884575,0.9388118663545242,2.341584119542741,71.9887349509288
6.6373328176316795,0.0991866381198292,3.1757911039383857,85.53590561725743
8.007188031762206,1.0341361551145412,4.338417957891033,144.6317696373065
4.982342925930386,3.9426210893243576,3.532361319385411,106.53889773653846
6.5284594015581545,4.765983090175011,3.6861119513011396,164.37382116218495
8.425282303051256,9.793999707786615,7.328919255370465,431.4973560674207
5.145241751977759,3.0081642717084724,0.8941775199593316,74.60007886455283
4.704364138569983,0.8659640941321967,3.916767620378354,53.59446707879477
5.179199671856416,3.2851707459696113,7.603154143005129,136.9925982915225
6.75216309828736,8.69106919606605,1.5453990068113466,187.61503982646244
4.8094105840586145,9.915775134945111,0.9131204572905927,119.19966513480502
5.04654569070773,2.4016277419866516,4.1777875999597605,87.97785514942221
3.456309593069217,4.488613096600947,1.9258441971369966,62.41345277035174
9.370325300913594,5.0368636979168855,0.14733346015102233,223.88200604634514
5.50690176474331,6.602353810101357,4.550000285591331,181.58258282039006
1.098999256435036,6.645066407877545,6.57218632613589,133.16417919272573
1.381903430916187,6.163398071498069,5.099558876403424,100.52881028240499
5.658639969528573,3.4067782241134195,9.146603039743841,166.65288517726336
1.437011272671893,7.035892917027914,9.89599680248344,212.22618485674252
6.143641808980372,0.21035828569776593,3.5461012894343593,74.47278938801526
9.19800003965188,5.64286397753624,1.2822661254227508,240.53416640886672
8.562273664403005,3.4858570893990315,3.2646578579597696,206.34765732062655
6.166139566636338,4.6439239678925235,5.947886209862201,180.59434540831654
4.359840160457086,4.589690808455292,6.801679471388172,143.87786854453293
8.438179217016707,7.750091413321627,0.41713305719764393,216.08372220805808
8.860709193330983,8.945477825982689,3.470783038445515,324.9602675181717
6.1326987870798275,4.029684865673624,9.122797252075001,200.09602911994304
8.820431298536478,3.9740621635494557,1.9805411424029462,211.28479858383176
8.904440412534298,3.5712935511124755,8.367059103325072,270.6551022914172
8.898268696858182,3.534459474048538,6.134992816120031,247.72559933155782
4.513263559105796,8.986982931219213,6.758776034877822,255.76395702694566
3.4981940854532434,2.2708351625654744,1.8109449936380295,41.94467356716331
7.931016226479298,0.37055810559572966,0.2121855565180364,127.76463479474528
5.795361196142897,4.123359313750687,1.8537164092780611,111.14567940665226
1.318188925903453,9.970180158849907,6.5107856941739986,203.84815850896553
7.876236930145472,8.870670309368819,7.372948853472488,381.7737640528777
6.8016741444026785,7.885870276629717,5.298249378835877,265.208334805303
8.476204955974355,5.96013287345908,9.51668566601452,353.85685629880334
2.5285635291800257,6.338959074001453,4.070688106394817,101.1568155916724
3.8555258540134982,5.955459856988004,0.5991571109947658,61.79719992976975
6.6339104158579465,2.5702867489186887,6.769701823540435,149.49910969664
5.038698362844891,2.2617876033748,8.085082006653675,107.94856063579915
4.428076243093534,2.629449864234826,1.0824613701295072,57.315495243572364
3.915486278522644,0.8327223488226454,5.679756397919436,41.431802392560755
9.126375455671665,6.854310794254914,1.4055914490959986,255.63396219046314
4.458861683934906,4.099651951841578,4.577566062813194,108.76439290793545
0.9038664671007268,2.6203968547719447,0.7390411007635822,8.07313985542355
9.309169021075158,0.18762682878223913,8.82725172594538,170.20934160657268
8.28827186259032,6.60352752039138,5.2135867256836885,289.19333582082805
4.705931707249139,5.778629974689769,8.298010286919208,206.0408071248454
6.1086236010586115,2.7870225481142894,3.446256814522685,116.02356584439308
6.5312337178411495,3.0402485776515107,6.578721481113043,157.59472617115145
2.464665983788188,3.448805259212583,6.072927387553298,76.4094141818528
7.001108711928329,3.291909314926115,0.10079591092935547,120.97269845943981
2.8945879387062243,2.730298088353096,7.865177148720184,80.21802383783397
8.079618190582128,3.8282883061904895,9.04756600768099,255.3540754810549
9.899560886957506,7.319481778738703,4.337340628660314,358.36618350908395
8.668889017463254,6.059469295817155,5.882898806813478,302.8869756883986
6.720546425332125,5.3398227322480665,3.6288590222062123,179.72154775970023
3.974196484051035,5.050111399428488,9.72222828636793,188.23138975949234
7.476021746231162,0.12041553504272495,5.630235260412608,108.08569957229032
6.024373667383513,0.17615956827266355,9.643827877462824,68.1001370215936
9.790779136485327,4.68057233604374,3.8970171064910977,287.3689564521234
6.358533228931897,4.9866019711604945,5.2380633262885095,184.69171137745633
4.922522765275055,4.513656474294001,3.329413528236965,111.43511075239516
2.146596920755486,3.4199682353681338,8.102550943651305,90.58589957808404
8.00474415709147,3.8678968036799954,7.616836033694552,238.87995359342102
5.044596436710641,2.8937915434585895,4.336805703924551,97.80654623825694
5.042148265287395,1.8806212653344023,1.3035066215434876,65.37958970334299
9.724418673325207,9.526057371897785,5.084670055380415,420.98991319747523
1.8795599567258658,0.553699416642911,5.500895359389931,10.742834808572935
9.878704702305068,2.8385647337234765,8.930366656279997,289.3368608664493
6.614410824474378,5.25679857541256,4.0660904286255,181.329251198604
5.085424589562601,7.033642473802225,6.760173354513079,222.37789885791636
8.634910706667608,6.655961488409289,9.44424436021778,384.7343348296691
3.6767577407228935,4.906109946543571,1.9697198382861159,71.09693912399611
9.966270349788973,0.6050843398647265,2.8682055859953914,206.0218367504807
6.904623941837511,6.054551067869679,2.719631310603692,182.83087047356088
1.2210144412075952,8.553856046750251,6.925888409858388,183.22940324386354
2.8121205070528377,6.148996539507369,5.15840122800718,122.10633543213278
2.2863901466491567,9.418238618872843,2.3186594965448935,94.1833335289514
7.081512022484353,9.272234680198169,9.626167051645076,423.09913928158875
1.7673752526199615,7.518876055503404,9.731144685911481,228.30657366386603
4.778031477736699,3.9510259297285657,2.4051325203265472,89.64038620248674
6.215068193542588,8.209266643773134,3.575118615810844,211.74748469590813
6.826420116601306,7.9707134929889,0.9426777461006619,168.21022709393696
0.19042822258991343,3.232620961165489,1.4433478422956258,12.242149705336983
3.386175336053906,7.987907276401367,8.657523978221251,247.78979378457268
0.06793487090016592,3.211558757378511,0.6835644463495116,5.129764828308842
0.9523743167271426,5.401394039705096,6.077066054278184,98.35500167540005
3.591452048968491,8.074834874827273,1.4719164446597166,87.981968172211
2.4545151371991625,5.510854283256271,4.949933184525003,101.46091266542189
8.086927978578725,1.250075097538893,8.230420292891804,162.5415856014272
1.975386910470075,9.595389517313397,8.175014560035578,252.91124622518944
9.507684801503535,1.641801016390383,4.930488054663233,214.7560199837875
9.52003571248425,9.754587240427101,9.103136724636297,530.4150661247256
0.6296787528266745,3.6055010935942198,2.6062985158313956,27.648036026810203
1.7231900820678414,7.624883114492401,2.1488677049427407,65.08361860883889
4.611537490399496,2.646864511771092,0.13649609578393118,54.68603489875397
0.032846245351687564,7.014547222327093,8.280372217998229,165.20137289754646
2.246323269093855,6.324801271761186,3.0508732401763594,78.13711233586903
5.943706243821651,7.920634075420713,4.371886353025993,216.24565974670097
1.3729612346679254,1.054857310743531,2.4347813570793173,9.48858268621088
7.89575605420247,0.3390713927579059,0.7791923263963196,126.37656549274111
2.642205001959601,8.785660433518881,6.483123847882997,200.5684606676848
4.245850947273975,2.9164812343284274,3.3709641936106283,73.56054238757949
3.0544443461702233,5.353953000814662,6.4375919487426305,130.974714247932
6.143003202659841,7.905099743146994,1.175831001809664,149.7433827846355
5.930217995545293,2.291307530120892,5.878841104263314,117.45478166531475
1.6422116618424787,3.5648360698635795,0.695212055658907,16.987672632061276
7.250767410469403,1.1746039103183603,2.345887241659219,118.58461357459404
9.675440809084408,7.258636283870372,3.7938589422060964,335.2796829985957
9.169789767599442,0.11868217664251168,5.744530374844916,164.5591691040977
6.949587270335304,1.0744009196183157,1.3305110084327532,106.01816515486355
0.804342747539164,1.7036001639392528,7.257158690658317,31.496944462366507
6.5633218667684226,4.37766682052052,6.328063135815612,190.6648171697915
0.9171012641448695,8.41780101182043,3.6315685109681772,96.48002015405393
4.838918660736537,7.302738928110918,5.931325801558575,205.18107296166454
5.201863204420043,7.575920922409037,0.9792950979600734,113.80555744845874
4.040393229392246,6.92055730123962,0.29528792647835256,65.44671087998171
8.920917818267025,6.119469326404095,8.997122997421716,368.9325640212044
